Text,P1_t5,P2_backtranslation,P3_pegasus
text1,0.9983306,0.87499034,0.93990386
text2,0.98153734,0.9193919,0.89240783
